source,target,type
4:4e0830d9-7413-4b1e-83ba-e7d830b0a219:289,4:4e0830d9-7413-4b1e-83ba-e7d830b0a219:1423,TREATS
4:4e0830d9-7413-4b1e-83ba-e7d830b0a219:290,4:4e0830d9-7413-4b1e-83ba-e7d830b0a219:1489,TREATS
4:4e0830d9-7413-4b1e-83ba-e7d830b0a219:292,4:4e0830d9-7413-4b1e-83ba-e7d830b0a219:1413,TREATS
4:4e0830d9-7413-4b1e-83ba-e7d830b0a219:292,4:4e0830d9-7413-4b1e-83ba-e7d830b0a219:1466,TREATS
4:4e0830d9-7413-4b1e-83ba-e7d830b0a219:292,4:4e0830d9-7413-4b1e-83ba-e7d830b0a219:1513,TREATS
4:4e0830d9-7413-4b1e-83ba-e7d830b0a219:293,4:4e0830d9-7413-4b1e-83ba-e7d830b0a219:505,TREATS
4:4e0830d9-7413-4b1e-83ba-e7d830b0a219:293,4:4e0830d9-7413-4b1e-83ba-e7d830b0a219:506,TREATS
4:4e0830d9-7413-4b1e-83ba-e7d830b0a219:293,4:4e0830d9-7413-4b1e-83ba-e7d830b0a219:507,TREATS
4:4e0830d9-7413-4b1e-83ba-e7d830b0a219:293,4:4e0830d9-7413-4b1e-83ba-e7d830b0a219:508,TREATS
4:4e0830d9-7413-4b1e-83ba-e7d830b0a219:295,4:4e0830d9-7413-4b1e-83ba-e7d830b0a219:1413,TREATS
4:4e0830d9-7413-4b1e-83ba-e7d830b0a219:295,4:4e0830d9-7413-4b1e-83ba-e7d830b0a219:1420,TREATS
4:4e0830d9-7413-4b1e-83ba-e7d830b0a219:295,4:4e0830d9-7413-4b1e-83ba-e7d830b0a219:1466,TREATS
4:4e0830d9-7413-4b1e-83ba-e7d830b0a219:295,4:4e0830d9-7413-4b1e-83ba-e7d830b0a219:1471,TREATS
4:4e0830d9-7413-4b1e-83ba-e7d830b0a219:295,4:4e0830d9-7413-4b1e-83ba-e7d830b0a219:1477,TREATS
4:4e0830d9-7413-4b1e-83ba-e7d830b0a219:295,4:4e0830d9-7413-4b1e-83ba-e7d830b0a219:1501,TREATS
4:4e0830d9-7413-4b1e-83ba-e7d830b0a219:295,4:4e0830d9-7413-4b1e-83ba-e7d830b0a219:1502,TREATS
4:4e0830d9-7413-4b1e-83ba-e7d830b0a219:295,4:4e0830d9-7413-4b1e-83ba-e7d830b0a219:1513,TREATS
4:4e0830d9-7413-4b1e-83ba-e7d830b0a219:295,4:4e0830d9-7413-4b1e-83ba-e7d830b0a219:1518,TREATS
4:4e0830d9-7413-4b1e-83ba-e7d830b0a219:295,4:4e0830d9-7413-4b1e-83ba-e7d830b0a219:1520,TREATS
4:4e0830d9-7413-4b1e-83ba-e7d830b0a219:295,4:4e0830d9-7413-4b1e-83ba-e7d830b0a219:1521,TREATS
4:4e0830d9-7413-4b1e-83ba-e7d830b0a219:295,4:4e0830d9-7413-4b1e-83ba-e7d830b0a219:1523,TREATS
4:4e0830d9-7413-4b1e-83ba-e7d830b0a219:295,4:4e0830d9-7413-4b1e-83ba-e7d830b0a219:1524,TREATS
4:4e0830d9-7413-4b1e-83ba-e7d830b0a219:295,4:4e0830d9-7413-4b1e-83ba-e7d830b0a219:1526,TREATS
4:4e0830d9-7413-4b1e-83ba-e7d830b0a219:296,4:4e0830d9-7413-4b1e-83ba-e7d830b0a219:1413,TREATS
4:4e0830d9-7413-4b1e-83ba-e7d830b0a219:297,4:4e0830d9-7413-4b1e-83ba-e7d830b0a219:1471,TREATS
4:4e0830d9-7413-4b1e-83ba-e7d830b0a219:1405,4:4e0830d9-7413-4b1e-83ba-e7d830b0a219:1404,TREATS
4:4e0830d9-7413-4b1e-83ba-e7d830b0a219:1409,4:4e0830d9-7413-4b1e-83ba-e7d830b0a219:1407,TREATS
4:4e0830d9-7413-4b1e-83ba-e7d830b0a219:1409,4:4e0830d9-7413-4b1e-83ba-e7d830b0a219:1408,TREATS
4:4e0830d9-7413-4b1e-83ba-e7d830b0a219:1410,4:4e0830d9-7413-4b1e-83ba-e7d830b0a219:1407,TREATS
4:4e0830d9-7413-4b1e-83ba-e7d830b0a219:1410,4:4e0830d9-7413-4b1e-83ba-e7d830b0a219:1408,TREATS
4:4e0830d9-7413-4b1e-83ba-e7d830b0a219:1411,4:4e0830d9-7413-4b1e-83ba-e7d830b0a219:1407,TREATS
4:4e0830d9-7413-4b1e-83ba-e7d830b0a219:1411,4:4e0830d9-7413-4b1e-83ba-e7d830b0a219:1408,TREATS
4:4e0830d9-7413-4b1e-83ba-e7d830b0a219:1411,4:4e0830d9-7413-4b1e-83ba-e7d830b0a219:1413,TREATS
4:4e0830d9-7413-4b1e-83ba-e7d830b0a219:1411,4:4e0830d9-7413-4b1e-83ba-e7d830b0a219:1419,TREATS
4:4e0830d9-7413-4b1e-83ba-e7d830b0a219:1411,4:4e0830d9-7413-4b1e-83ba-e7d830b0a219:1420,TREATS
4:4e0830d9-7413-4b1e-83ba-e7d830b0a219:1411,4:4e0830d9-7413-4b1e-83ba-e7d830b0a219:1489,TREATS
4:4e0830d9-7413-4b1e-83ba-e7d830b0a219:1411,4:4e0830d9-7413-4b1e-83ba-e7d830b0a219:1495,TREATS
4:4e0830d9-7413-4b1e-83ba-e7d830b0a219:1411,4:4e0830d9-7413-4b1e-83ba-e7d830b0a219:1505,TREATS
4:4e0830d9-7413-4b1e-83ba-e7d830b0a219:1411,4:4e0830d9-7413-4b1e-83ba-e7d830b0a219:1506,TREATS
4:4e0830d9-7413-4b1e-83ba-e7d830b0a219:1417,4:4e0830d9-7413-4b1e-83ba-e7d830b0a219:1413,TREATS
4:4e0830d9-7413-4b1e-83ba-e7d830b0a219:1417,4:4e0830d9-7413-4b1e-83ba-e7d830b0a219:1414,TREATS
4:4e0830d9-7413-4b1e-83ba-e7d830b0a219:1417,4:4e0830d9-7413-4b1e-83ba-e7d830b0a219:1415,TREATS
4:4e0830d9-7413-4b1e-83ba-e7d830b0a219:1417,4:4e0830d9-7413-4b1e-83ba-e7d830b0a219:1416,TREATS
4:4e0830d9-7413-4b1e-83ba-e7d830b0a219:1421,4:4e0830d9-7413-4b1e-83ba-e7d830b0a219:1419,TREATS
4:4e0830d9-7413-4b1e-83ba-e7d830b0a219:1421,4:4e0830d9-7413-4b1e-83ba-e7d830b0a219:1420,TREATS
4:4e0830d9-7413-4b1e-83ba-e7d830b0a219:1424,4:4e0830d9-7413-4b1e-83ba-e7d830b0a219:1423,TREATS
4:4e0830d9-7413-4b1e-83ba-e7d830b0a219:1429,4:4e0830d9-7413-4b1e-83ba-e7d830b0a219:1407,TREATS
4:4e0830d9-7413-4b1e-83ba-e7d830b0a219:1429,4:4e0830d9-7413-4b1e-83ba-e7d830b0a219:1428,TREATS
4:4e0830d9-7413-4b1e-83ba-e7d830b0a219:1429,4:4e0830d9-7413-4b1e-83ba-e7d830b0a219:1436,TREATS
4:4e0830d9-7413-4b1e-83ba-e7d830b0a219:1434,4:4e0830d9-7413-4b1e-83ba-e7d830b0a219:1413,TREATS
4:4e0830d9-7413-4b1e-83ba-e7d830b0a219:1439,4:4e0830d9-7413-4b1e-83ba-e7d830b0a219:1413,TREATS
4:4e0830d9-7413-4b1e-83ba-e7d830b0a219:1439,4:4e0830d9-7413-4b1e-83ba-e7d830b0a219:1438,TREATS
4:4e0830d9-7413-4b1e-83ba-e7d830b0a219:1440,4:4e0830d9-7413-4b1e-83ba-e7d830b0a219:1413,TREATS
4:4e0830d9-7413-4b1e-83ba-e7d830b0a219:1440,4:4e0830d9-7413-4b1e-83ba-e7d830b0a219:1438,TREATS
4:4e0830d9-7413-4b1e-83ba-e7d830b0a219:1441,4:4e0830d9-7413-4b1e-83ba-e7d830b0a219:1413,TREATS
4:4e0830d9-7413-4b1e-83ba-e7d830b0a219:1441,4:4e0830d9-7413-4b1e-83ba-e7d830b0a219:1438,TREATS
4:4e0830d9-7413-4b1e-83ba-e7d830b0a219:1442,4:4e0830d9-7413-4b1e-83ba-e7d830b0a219:1413,TREATS
4:4e0830d9-7413-4b1e-83ba-e7d830b0a219:1442,4:4e0830d9-7413-4b1e-83ba-e7d830b0a219:1438,TREATS
4:4e0830d9-7413-4b1e-83ba-e7d830b0a219:1443,4:4e0830d9-7413-4b1e-83ba-e7d830b0a219:1413,TREATS
4:4e0830d9-7413-4b1e-83ba-e7d830b0a219:1443,4:4e0830d9-7413-4b1e-83ba-e7d830b0a219:1438,TREATS
4:4e0830d9-7413-4b1e-83ba-e7d830b0a219:1444,4:4e0830d9-7413-4b1e-83ba-e7d830b0a219:1413,TREATS
4:4e0830d9-7413-4b1e-83ba-e7d830b0a219:1444,4:4e0830d9-7413-4b1e-83ba-e7d830b0a219:1438,TREATS
4:4e0830d9-7413-4b1e-83ba-e7d830b0a219:1448,4:4e0830d9-7413-4b1e-83ba-e7d830b0a219:1446,TREATS
4:4e0830d9-7413-4b1e-83ba-e7d830b0a219:1448,4:4e0830d9-7413-4b1e-83ba-e7d830b0a219:1447,TREATS
4:4e0830d9-7413-4b1e-83ba-e7d830b0a219:1449,4:4e0830d9-7413-4b1e-83ba-e7d830b0a219:1446,TREATS
4:4e0830d9-7413-4b1e-83ba-e7d830b0a219:1449,4:4e0830d9-7413-4b1e-83ba-e7d830b0a219:1447,TREATS
4:4e0830d9-7413-4b1e-83ba-e7d830b0a219:1452,4:4e0830d9-7413-4b1e-83ba-e7d830b0a219:1451,TREATS
4:4e0830d9-7413-4b1e-83ba-e7d830b0a219:1452,4:4e0830d9-7413-4b1e-83ba-e7d830b0a219:1473,TREATS
4:4e0830d9-7413-4b1e-83ba-e7d830b0a219:1456,4:4e0830d9-7413-4b1e-83ba-e7d830b0a219:1413,TREATS
4:4e0830d9-7413-4b1e-83ba-e7d830b0a219:1457,4:4e0830d9-7413-4b1e-83ba-e7d830b0a219:1413,TREATS
4:4e0830d9-7413-4b1e-83ba-e7d830b0a219:1458,4:4e0830d9-7413-4b1e-83ba-e7d830b0a219:1413,TREATS
4:4e0830d9-7413-4b1e-83ba-e7d830b0a219:1459,4:4e0830d9-7413-4b1e-83ba-e7d830b0a219:1413,TREATS
4:4e0830d9-7413-4b1e-83ba-e7d830b0a219:1462,4:4e0830d9-7413-4b1e-83ba-e7d830b0a219:1413,TREATS
4:4e0830d9-7413-4b1e-83ba-e7d830b0a219:1462,4:4e0830d9-7413-4b1e-83ba-e7d830b0a219:1461,TREATS
4:4e0830d9-7413-4b1e-83ba-e7d830b0a219:1464,4:4e0830d9-7413-4b1e-83ba-e7d830b0a219:1413,TREATS
4:4e0830d9-7413-4b1e-83ba-e7d830b0a219:1467,4:4e0830d9-7413-4b1e-83ba-e7d830b0a219:1466,TREATS
4:4e0830d9-7413-4b1e-83ba-e7d830b0a219:1469,4:4e0830d9-7413-4b1e-83ba-e7d830b0a219:1413,TREATS
4:4e0830d9-7413-4b1e-83ba-e7d830b0a219:1479,4:4e0830d9-7413-4b1e-83ba-e7d830b0a219:1471,TREATS
4:4e0830d9-7413-4b1e-83ba-e7d830b0a219:1480,4:4e0830d9-7413-4b1e-83ba-e7d830b0a219:1471,TREATS
4:4e0830d9-7413-4b1e-83ba-e7d830b0a219:1481,4:4e0830d9-7413-4b1e-83ba-e7d830b0a219:1471,TREATS
4:4e0830d9-7413-4b1e-83ba-e7d830b0a219:1484,4:4e0830d9-7413-4b1e-83ba-e7d830b0a219:1483,TREATS
4:4e0830d9-7413-4b1e-83ba-e7d830b0a219:1487,4:4e0830d9-7413-4b1e-83ba-e7d830b0a219:1486,TREATS
4:4e0830d9-7413-4b1e-83ba-e7d830b0a219:1491,4:4e0830d9-7413-4b1e-83ba-e7d830b0a219:1489,TREATS
4:4e0830d9-7413-4b1e-83ba-e7d830b0a219:1491,4:4e0830d9-7413-4b1e-83ba-e7d830b0a219:1490,TREATS
4:4e0830d9-7413-4b1e-83ba-e7d830b0a219:1492,4:4e0830d9-7413-4b1e-83ba-e7d830b0a219:1489,TREATS
4:4e0830d9-7413-4b1e-83ba-e7d830b0a219:1492,4:4e0830d9-7413-4b1e-83ba-e7d830b0a219:1490,TREATS
4:4e0830d9-7413-4b1e-83ba-e7d830b0a219:1496,4:4e0830d9-7413-4b1e-83ba-e7d830b0a219:1413,TREATS
4:4e0830d9-7413-4b1e-83ba-e7d830b0a219:1496,4:4e0830d9-7413-4b1e-83ba-e7d830b0a219:1495,TREATS
4:4e0830d9-7413-4b1e-83ba-e7d830b0a219:1498,4:4e0830d9-7413-4b1e-83ba-e7d830b0a219:1413,TREATS
4:4e0830d9-7413-4b1e-83ba-e7d830b0a219:1499,4:4e0830d9-7413-4b1e-83ba-e7d830b0a219:1413,TREATS
4:4e0830d9-7413-4b1e-83ba-e7d830b0a219:1503,4:4e0830d9-7413-4b1e-83ba-e7d830b0a219:1501,TREATS
4:4e0830d9-7413-4b1e-83ba-e7d830b0a219:1503,4:4e0830d9-7413-4b1e-83ba-e7d830b0a219:1502,TREATS
4:4e0830d9-7413-4b1e-83ba-e7d830b0a219:1507,4:4e0830d9-7413-4b1e-83ba-e7d830b0a219:1505,TREATS
4:4e0830d9-7413-4b1e-83ba-e7d830b0a219:1507,4:4e0830d9-7413-4b1e-83ba-e7d830b0a219:1506,TREATS
4:4e0830d9-7413-4b1e-83ba-e7d830b0a219:1510,4:4e0830d9-7413-4b1e-83ba-e7d830b0a219:1509,TREATS
4:4e0830d9-7413-4b1e-83ba-e7d830b0a219:1511,4:4e0830d9-7413-4b1e-83ba-e7d830b0a219:1509,TREATS
4:4e0830d9-7413-4b1e-83ba-e7d830b0a219:1515,4:4e0830d9-7413-4b1e-83ba-e7d830b0a219:1428,TREATS
4:4e0830d9-7413-4b1e-83ba-e7d830b0a219:1530,4:4e0830d9-7413-4b1e-83ba-e7d830b0a219:1505,TREATS
4:4e0830d9-7413-4b1e-83ba-e7d830b0a219:1530,4:4e0830d9-7413-4b1e-83ba-e7d830b0a219:1529,TREATS
4:4e0830d9-7413-4b1e-83ba-e7d830b0a219:1403,4:4e0830d9-7413-4b1e-83ba-e7d830b0a219:1405,INVOLVES
4:4e0830d9-7413-4b1e-83ba-e7d830b0a219:1406,4:4e0830d9-7413-4b1e-83ba-e7d830b0a219:1409,INVOLVES
4:4e0830d9-7413-4b1e-83ba-e7d830b0a219:1406,4:4e0830d9-7413-4b1e-83ba-e7d830b0a219:1410,INVOLVES
4:4e0830d9-7413-4b1e-83ba-e7d830b0a219:1406,4:4e0830d9-7413-4b1e-83ba-e7d830b0a219:1411,INVOLVES
4:4e0830d9-7413-4b1e-83ba-e7d830b0a219:1412,4:4e0830d9-7413-4b1e-83ba-e7d830b0a219:1417,INVOLVES
4:4e0830d9-7413-4b1e-83ba-e7d830b0a219:1418,4:4e0830d9-7413-4b1e-83ba-e7d830b0a219:1411,INVOLVES
4:4e0830d9-7413-4b1e-83ba-e7d830b0a219:1418,4:4e0830d9-7413-4b1e-83ba-e7d830b0a219:1421,INVOLVES
4:4e0830d9-7413-4b1e-83ba-e7d830b0a219:1422,4:4e0830d9-7413-4b1e-83ba-e7d830b0a219:289,INVOLVES
4:4e0830d9-7413-4b1e-83ba-e7d830b0a219:1422,4:4e0830d9-7413-4b1e-83ba-e7d830b0a219:1424,INVOLVES
4:4e0830d9-7413-4b1e-83ba-e7d830b0a219:1427,4:4e0830d9-7413-4b1e-83ba-e7d830b0a219:1429,INVOLVES
4:4e0830d9-7413-4b1e-83ba-e7d830b0a219:1430,4:4e0830d9-7413-4b1e-83ba-e7d830b0a219:1405,INVOLVES
4:4e0830d9-7413-4b1e-83ba-e7d830b0a219:1433,4:4e0830d9-7413-4b1e-83ba-e7d830b0a219:1434,INVOLVES
4:4e0830d9-7413-4b1e-83ba-e7d830b0a219:1435,4:4e0830d9-7413-4b1e-83ba-e7d830b0a219:1429,INVOLVES
4:4e0830d9-7413-4b1e-83ba-e7d830b0a219:1437,4:4e0830d9-7413-4b1e-83ba-e7d830b0a219:1439,INVOLVES
4:4e0830d9-7413-4b1e-83ba-e7d830b0a219:1437,4:4e0830d9-7413-4b1e-83ba-e7d830b0a219:1440,INVOLVES
4:4e0830d9-7413-4b1e-83ba-e7d830b0a219:1437,4:4e0830d9-7413-4b1e-83ba-e7d830b0a219:1441,INVOLVES
4:4e0830d9-7413-4b1e-83ba-e7d830b0a219:1437,4:4e0830d9-7413-4b1e-83ba-e7d830b0a219:1442,INVOLVES
4:4e0830d9-7413-4b1e-83ba-e7d830b0a219:1437,4:4e0830d9-7413-4b1e-83ba-e7d830b0a219:1443,INVOLVES
4:4e0830d9-7413-4b1e-83ba-e7d830b0a219:1437,4:4e0830d9-7413-4b1e-83ba-e7d830b0a219:1444,INVOLVES
4:4e0830d9-7413-4b1e-83ba-e7d830b0a219:1445,4:4e0830d9-7413-4b1e-83ba-e7d830b0a219:1448,INVOLVES
4:4e0830d9-7413-4b1e-83ba-e7d830b0a219:1445,4:4e0830d9-7413-4b1e-83ba-e7d830b0a219:1449,INVOLVES
4:4e0830d9-7413-4b1e-83ba-e7d830b0a219:1450,4:4e0830d9-7413-4b1e-83ba-e7d830b0a219:1452,INVOLVES
4:4e0830d9-7413-4b1e-83ba-e7d830b0a219:1455,4:4e0830d9-7413-4b1e-83ba-e7d830b0a219:1456,INVOLVES
4:4e0830d9-7413-4b1e-83ba-e7d830b0a219:1455,4:4e0830d9-7413-4b1e-83ba-e7d830b0a219:1457,INVOLVES
4:4e0830d9-7413-4b1e-83ba-e7d830b0a219:1455,4:4e0830d9-7413-4b1e-83ba-e7d830b0a219:1458,INVOLVES
4:4e0830d9-7413-4b1e-83ba-e7d830b0a219:1455,4:4e0830d9-7413-4b1e-83ba-e7d830b0a219:1459,INVOLVES
4:4e0830d9-7413-4b1e-83ba-e7d830b0a219:1460,4:4e0830d9-7413-4b1e-83ba-e7d830b0a219:1462,INVOLVES
4:4e0830d9-7413-4b1e-83ba-e7d830b0a219:1463,4:4e0830d9-7413-4b1e-83ba-e7d830b0a219:1411,INVOLVES
4:4e0830d9-7413-4b1e-83ba-e7d830b0a219:1463,4:4e0830d9-7413-4b1e-83ba-e7d830b0a219:1464,INVOLVES
4:4e0830d9-7413-4b1e-83ba-e7d830b0a219:1465,4:4e0830d9-7413-4b1e-83ba-e7d830b0a219:1467,INVOLVES
4:4e0830d9-7413-4b1e-83ba-e7d830b0a219:1468,4:4e0830d9-7413-4b1e-83ba-e7d830b0a219:1411,INVOLVES
4:4e0830d9-7413-4b1e-83ba-e7d830b0a219:1468,4:4e0830d9-7413-4b1e-83ba-e7d830b0a219:1469,INVOLVES
4:4e0830d9-7413-4b1e-83ba-e7d830b0a219:1470,4:4e0830d9-7413-4b1e-83ba-e7d830b0a219:295,INVOLVES
4:4e0830d9-7413-4b1e-83ba-e7d830b0a219:1470,4:4e0830d9-7413-4b1e-83ba-e7d830b0a219:297,INVOLVES
4:4e0830d9-7413-4b1e-83ba-e7d830b0a219:1472,4:4e0830d9-7413-4b1e-83ba-e7d830b0a219:1452,INVOLVES
4:4e0830d9-7413-4b1e-83ba-e7d830b0a219:1478,4:4e0830d9-7413-4b1e-83ba-e7d830b0a219:1479,INVOLVES
4:4e0830d9-7413-4b1e-83ba-e7d830b0a219:1478,4:4e0830d9-7413-4b1e-83ba-e7d830b0a219:1480,INVOLVES
4:4e0830d9-7413-4b1e-83ba-e7d830b0a219:1478,4:4e0830d9-7413-4b1e-83ba-e7d830b0a219:1481,INVOLVES
4:4e0830d9-7413-4b1e-83ba-e7d830b0a219:1482,4:4e0830d9-7413-4b1e-83ba-e7d830b0a219:1484,INVOLVES
4:4e0830d9-7413-4b1e-83ba-e7d830b0a219:1485,4:4e0830d9-7413-4b1e-83ba-e7d830b0a219:1487,INVOLVES
4:4e0830d9-7413-4b1e-83ba-e7d830b0a219:1488,4:4e0830d9-7413-4b1e-83ba-e7d830b0a219:1491,INVOLVES
4:4e0830d9-7413-4b1e-83ba-e7d830b0a219:1488,4:4e0830d9-7413-4b1e-83ba-e7d830b0a219:1492,INVOLVES
4:4e0830d9-7413-4b1e-83ba-e7d830b0a219:1493,4:4e0830d9-7413-4b1e-83ba-e7d830b0a219:296,INVOLVES
4:4e0830d9-7413-4b1e-83ba-e7d830b0a219:1494,4:4e0830d9-7413-4b1e-83ba-e7d830b0a219:1411,INVOLVES
4:4e0830d9-7413-4b1e-83ba-e7d830b0a219:1494,4:4e0830d9-7413-4b1e-83ba-e7d830b0a219:1496,INVOLVES
4:4e0830d9-7413-4b1e-83ba-e7d830b0a219:1497,4:4e0830d9-7413-4b1e-83ba-e7d830b0a219:1498,INVOLVES
4:4e0830d9-7413-4b1e-83ba-e7d830b0a219:1497,4:4e0830d9-7413-4b1e-83ba-e7d830b0a219:1499,INVOLVES
4:4e0830d9-7413-4b1e-83ba-e7d830b0a219:1500,4:4e0830d9-7413-4b1e-83ba-e7d830b0a219:1503,INVOLVES
4:4e0830d9-7413-4b1e-83ba-e7d830b0a219:1504,4:4e0830d9-7413-4b1e-83ba-e7d830b0a219:1411,INVOLVES
4:4e0830d9-7413-4b1e-83ba-e7d830b0a219:1504,4:4e0830d9-7413-4b1e-83ba-e7d830b0a219:1507,INVOLVES
4:4e0830d9-7413-4b1e-83ba-e7d830b0a219:1508,4:4e0830d9-7413-4b1e-83ba-e7d830b0a219:1510,INVOLVES
4:4e0830d9-7413-4b1e-83ba-e7d830b0a219:1508,4:4e0830d9-7413-4b1e-83ba-e7d830b0a219:1511,INVOLVES
4:4e0830d9-7413-4b1e-83ba-e7d830b0a219:1512,4:4e0830d9-7413-4b1e-83ba-e7d830b0a219:292,INVOLVES
4:4e0830d9-7413-4b1e-83ba-e7d830b0a219:1512,4:4e0830d9-7413-4b1e-83ba-e7d830b0a219:295,INVOLVES
4:4e0830d9-7413-4b1e-83ba-e7d830b0a219:1514,4:4e0830d9-7413-4b1e-83ba-e7d830b0a219:1515,INVOLVES
4:4e0830d9-7413-4b1e-83ba-e7d830b0a219:1516,4:4e0830d9-7413-4b1e-83ba-e7d830b0a219:295,INVOLVES
4:4e0830d9-7413-4b1e-83ba-e7d830b0a219:1517,4:4e0830d9-7413-4b1e-83ba-e7d830b0a219:295,INVOLVES
4:4e0830d9-7413-4b1e-83ba-e7d830b0a219:1519,4:4e0830d9-7413-4b1e-83ba-e7d830b0a219:295,INVOLVES
4:4e0830d9-7413-4b1e-83ba-e7d830b0a219:1522,4:4e0830d9-7413-4b1e-83ba-e7d830b0a219:295,INVOLVES
4:4e0830d9-7413-4b1e-83ba-e7d830b0a219:1525,4:4e0830d9-7413-4b1e-83ba-e7d830b0a219:295,INVOLVES
4:4e0830d9-7413-4b1e-83ba-e7d830b0a219:1527,4:4e0830d9-7413-4b1e-83ba-e7d830b0a219:290,INVOLVES
4:4e0830d9-7413-4b1e-83ba-e7d830b0a219:1527,4:4e0830d9-7413-4b1e-83ba-e7d830b0a219:1411,INVOLVES
4:4e0830d9-7413-4b1e-83ba-e7d830b0a219:1528,4:4e0830d9-7413-4b1e-83ba-e7d830b0a219:1530,INVOLVES
4:4e0830d9-7413-4b1e-83ba-e7d830b0a219:298,4:4e0830d9-7413-4b1e-83ba-e7d830b0a219:1407,ASSOCIATED_WITH
4:4e0830d9-7413-4b1e-83ba-e7d830b0a219:299,4:4e0830d9-7413-4b1e-83ba-e7d830b0a219:1426,ASSOCIATED_WITH
4:4e0830d9-7413-4b1e-83ba-e7d830b0a219:1534,4:4e0830d9-7413-4b1e-83ba-e7d830b0a219:1404,ASSOCIATED_WITH
4:4e0830d9-7413-4b1e-83ba-e7d830b0a219:1535,4:4e0830d9-7413-4b1e-83ba-e7d830b0a219:1404,ASSOCIATED_WITH
4:4e0830d9-7413-4b1e-83ba-e7d830b0a219:1536,4:4e0830d9-7413-4b1e-83ba-e7d830b0a219:1404,ASSOCIATED_WITH
4:4e0830d9-7413-4b1e-83ba-e7d830b0a219:1541,4:4e0830d9-7413-4b1e-83ba-e7d830b0a219:1407,ASSOCIATED_WITH
4:4e0830d9-7413-4b1e-83ba-e7d830b0a219:1541,4:4e0830d9-7413-4b1e-83ba-e7d830b0a219:1408,ASSOCIATED_WITH
4:4e0830d9-7413-4b1e-83ba-e7d830b0a219:1542,4:4e0830d9-7413-4b1e-83ba-e7d830b0a219:1407,ASSOCIATED_WITH
4:4e0830d9-7413-4b1e-83ba-e7d830b0a219:1542,4:4e0830d9-7413-4b1e-83ba-e7d830b0a219:1408,ASSOCIATED_WITH
4:4e0830d9-7413-4b1e-83ba-e7d830b0a219:1542,4:4e0830d9-7413-4b1e-83ba-e7d830b0a219:1454,ASSOCIATED_WITH
4:4e0830d9-7413-4b1e-83ba-e7d830b0a219:1542,4:4e0830d9-7413-4b1e-83ba-e7d830b0a219:1473,ASSOCIATED_WITH
4:4e0830d9-7413-4b1e-83ba-e7d830b0a219:1542,4:4e0830d9-7413-4b1e-83ba-e7d830b0a219:1509,ASSOCIATED_WITH
4:4e0830d9-7413-4b1e-83ba-e7d830b0a219:1542,4:4e0830d9-7413-4b1e-83ba-e7d830b0a219:1526,ASSOCIATED_WITH
4:4e0830d9-7413-4b1e-83ba-e7d830b0a219:1543,4:4e0830d9-7413-4b1e-83ba-e7d830b0a219:1407,ASSOCIATED_WITH
4:4e0830d9-7413-4b1e-83ba-e7d830b0a219:1543,4:4e0830d9-7413-4b1e-83ba-e7d830b0a219:1408,ASSOCIATED_WITH
4:4e0830d9-7413-4b1e-83ba-e7d830b0a219:1543,4:4e0830d9-7413-4b1e-83ba-e7d830b0a219:1473,ASSOCIATED_WITH
4:4e0830d9-7413-4b1e-83ba-e7d830b0a219:1546,4:4e0830d9-7413-4b1e-83ba-e7d830b0a219:1413,ASSOCIATED_WITH
4:4e0830d9-7413-4b1e-83ba-e7d830b0a219:1546,4:4e0830d9-7413-4b1e-83ba-e7d830b0a219:1414,ASSOCIATED_WITH
4:4e0830d9-7413-4b1e-83ba-e7d830b0a219:1546,4:4e0830d9-7413-4b1e-83ba-e7d830b0a219:1415,ASSOCIATED_WITH
4:4e0830d9-7413-4b1e-83ba-e7d830b0a219:1546,4:4e0830d9-7413-4b1e-83ba-e7d830b0a219:1416,ASSOCIATED_WITH
4:4e0830d9-7413-4b1e-83ba-e7d830b0a219:1547,4:4e0830d9-7413-4b1e-83ba-e7d830b0a219:1413,ASSOCIATED_WITH
4:4e0830d9-7413-4b1e-83ba-e7d830b0a219:1547,4:4e0830d9-7413-4b1e-83ba-e7d830b0a219:1414,ASSOCIATED_WITH
4:4e0830d9-7413-4b1e-83ba-e7d830b0a219:1547,4:4e0830d9-7413-4b1e-83ba-e7d830b0a219:1415,ASSOCIATED_WITH
4:4e0830d9-7413-4b1e-83ba-e7d830b0a219:1547,4:4e0830d9-7413-4b1e-83ba-e7d830b0a219:1416,ASSOCIATED_WITH
4:4e0830d9-7413-4b1e-83ba-e7d830b0a219:1548,4:4e0830d9-7413-4b1e-83ba-e7d830b0a219:1413,ASSOCIATED_WITH
4:4e0830d9-7413-4b1e-83ba-e7d830b0a219:1548,4:4e0830d9-7413-4b1e-83ba-e7d830b0a219:1414,ASSOCIATED_WITH
4:4e0830d9-7413-4b1e-83ba-e7d830b0a219:1548,4:4e0830d9-7413-4b1e-83ba-e7d830b0a219:1415,ASSOCIATED_WITH
4:4e0830d9-7413-4b1e-83ba-e7d830b0a219:1548,4:4e0830d9-7413-4b1e-83ba-e7d830b0a219:1416,ASSOCIATED_WITH
4:4e0830d9-7413-4b1e-83ba-e7d830b0a219:1549,4:4e0830d9-7413-4b1e-83ba-e7d830b0a219:1413,ASSOCIATED_WITH
4:4e0830d9-7413-4b1e-83ba-e7d830b0a219:1549,4:4e0830d9-7413-4b1e-83ba-e7d830b0a219:1414,ASSOCIATED_WITH
4:4e0830d9-7413-4b1e-83ba-e7d830b0a219:1549,4:4e0830d9-7413-4b1e-83ba-e7d830b0a219:1415,ASSOCIATED_WITH
4:4e0830d9-7413-4b1e-83ba-e7d830b0a219:1549,4:4e0830d9-7413-4b1e-83ba-e7d830b0a219:1416,ASSOCIATED_WITH
4:4e0830d9-7413-4b1e-83ba-e7d830b0a219:1550,4:4e0830d9-7413-4b1e-83ba-e7d830b0a219:1413,ASSOCIATED_WITH
4:4e0830d9-7413-4b1e-83ba-e7d830b0a219:1550,4:4e0830d9-7413-4b1e-83ba-e7d830b0a219:1414,ASSOCIATED_WITH
4:4e0830d9-7413-4b1e-83ba-e7d830b0a219:1550,4:4e0830d9-7413-4b1e-83ba-e7d830b0a219:1415,ASSOCIATED_WITH
4:4e0830d9-7413-4b1e-83ba-e7d830b0a219:1550,4:4e0830d9-7413-4b1e-83ba-e7d830b0a219:1416,ASSOCIATED_WITH
4:4e0830d9-7413-4b1e-83ba-e7d830b0a219:1551,4:4e0830d9-7413-4b1e-83ba-e7d830b0a219:1404,ASSOCIATED_WITH
4:4e0830d9-7413-4b1e-83ba-e7d830b0a219:1551,4:4e0830d9-7413-4b1e-83ba-e7d830b0a219:1407,ASSOCIATED_WITH
4:4e0830d9-7413-4b1e-83ba-e7d830b0a219:1551,4:4e0830d9-7413-4b1e-83ba-e7d830b0a219:1413,ASSOCIATED_WITH
4:4e0830d9-7413-4b1e-83ba-e7d830b0a219:1551,4:4e0830d9-7413-4b1e-83ba-e7d830b0a219:1414,ASSOCIATED_WITH
4:4e0830d9-7413-4b1e-83ba-e7d830b0a219:1551,4:4e0830d9-7413-4b1e-83ba-e7d830b0a219:1415,ASSOCIATED_WITH
4:4e0830d9-7413-4b1e-83ba-e7d830b0a219:1551,4:4e0830d9-7413-4b1e-83ba-e7d830b0a219:1416,ASSOCIATED_WITH
4:4e0830d9-7413-4b1e-83ba-e7d830b0a219:1551,4:4e0830d9-7413-4b1e-83ba-e7d830b0a219:1436,ASSOCIATED_WITH
4:4e0830d9-7413-4b1e-83ba-e7d830b0a219:1551,4:4e0830d9-7413-4b1e-83ba-e7d830b0a219:1466,ASSOCIATED_WITH
4:4e0830d9-7413-4b1e-83ba-e7d830b0a219:1551,4:4e0830d9-7413-4b1e-83ba-e7d830b0a219:1471,ASSOCIATED_WITH
4:4e0830d9-7413-4b1e-83ba-e7d830b0a219:1552,4:4e0830d9-7413-4b1e-83ba-e7d830b0a219:1413,ASSOCIATED_WITH
4:4e0830d9-7413-4b1e-83ba-e7d830b0a219:1552,4:4e0830d9-7413-4b1e-83ba-e7d830b0a219:1414,ASSOCIATED_WITH
4:4e0830d9-7413-4b1e-83ba-e7d830b0a219:1552,4:4e0830d9-7413-4b1e-83ba-e7d830b0a219:1415,ASSOCIATED_WITH
4:4e0830d9-7413-4b1e-83ba-e7d830b0a219:1552,4:4e0830d9-7413-4b1e-83ba-e7d830b0a219:1416,ASSOCIATED_WITH
4:4e0830d9-7413-4b1e-83ba-e7d830b0a219:1553,4:4e0830d9-7413-4b1e-83ba-e7d830b0a219:1413,ASSOCIATED_WITH
4:4e0830d9-7413-4b1e-83ba-e7d830b0a219:1553,4:4e0830d9-7413-4b1e-83ba-e7d830b0a219:1414,ASSOCIATED_WITH
4:4e0830d9-7413-4b1e-83ba-e7d830b0a219:1553,4:4e0830d9-7413-4b1e-83ba-e7d830b0a219:1415,ASSOCIATED_WITH
4:4e0830d9-7413-4b1e-83ba-e7d830b0a219:1553,4:4e0830d9-7413-4b1e-83ba-e7d830b0a219:1416,ASSOCIATED_WITH
4:4e0830d9-7413-4b1e-83ba-e7d830b0a219:1554,4:4e0830d9-7413-4b1e-83ba-e7d830b0a219:1413,ASSOCIATED_WITH
4:4e0830d9-7413-4b1e-83ba-e7d830b0a219:1554,4:4e0830d9-7413-4b1e-83ba-e7d830b0a219:1414,ASSOCIATED_WITH
4:4e0830d9-7413-4b1e-83ba-e7d830b0a219:1554,4:4e0830d9-7413-4b1e-83ba-e7d830b0a219:1415,ASSOCIATED_WITH
4:4e0830d9-7413-4b1e-83ba-e7d830b0a219:1554,4:4e0830d9-7413-4b1e-83ba-e7d830b0a219:1416,ASSOCIATED_WITH
4:4e0830d9-7413-4b1e-83ba-e7d830b0a219:1555,4:4e0830d9-7413-4b1e-83ba-e7d830b0a219:1407,ASSOCIATED_WITH
4:4e0830d9-7413-4b1e-83ba-e7d830b0a219:1555,4:4e0830d9-7413-4b1e-83ba-e7d830b0a219:1413,ASSOCIATED_WITH
4:4e0830d9-7413-4b1e-83ba-e7d830b0a219:1555,4:4e0830d9-7413-4b1e-83ba-e7d830b0a219:1414,ASSOCIATED_WITH
4:4e0830d9-7413-4b1e-83ba-e7d830b0a219:1555,4:4e0830d9-7413-4b1e-83ba-e7d830b0a219:1415,ASSOCIATED_WITH
4:4e0830d9-7413-4b1e-83ba-e7d830b0a219:1555,4:4e0830d9-7413-4b1e-83ba-e7d830b0a219:1416,ASSOCIATED_WITH
4:4e0830d9-7413-4b1e-83ba-e7d830b0a219:1555,4:4e0830d9-7413-4b1e-83ba-e7d830b0a219:1426,ASSOCIATED_WITH
4:4e0830d9-7413-4b1e-83ba-e7d830b0a219:1555,4:4e0830d9-7413-4b1e-83ba-e7d830b0a219:1428,ASSOCIATED_WITH
4:4e0830d9-7413-4b1e-83ba-e7d830b0a219:1555,4:4e0830d9-7413-4b1e-83ba-e7d830b0a219:1451,ASSOCIATED_WITH
4:4e0830d9-7413-4b1e-83ba-e7d830b0a219:1555,4:4e0830d9-7413-4b1e-83ba-e7d830b0a219:1461,ASSOCIATED_WITH
4:4e0830d9-7413-4b1e-83ba-e7d830b0a219:1555,4:4e0830d9-7413-4b1e-83ba-e7d830b0a219:1466,ASSOCIATED_WITH
4:4e0830d9-7413-4b1e-83ba-e7d830b0a219:1555,4:4e0830d9-7413-4b1e-83ba-e7d830b0a219:1477,ASSOCIATED_WITH
4:4e0830d9-7413-4b1e-83ba-e7d830b0a219:1555,4:4e0830d9-7413-4b1e-83ba-e7d830b0a219:1509,ASSOCIATED_WITH
4:4e0830d9-7413-4b1e-83ba-e7d830b0a219:1556,4:4e0830d9-7413-4b1e-83ba-e7d830b0a219:1413,ASSOCIATED_WITH
4:4e0830d9-7413-4b1e-83ba-e7d830b0a219:1556,4:4e0830d9-7413-4b1e-83ba-e7d830b0a219:1414,ASSOCIATED_WITH
4:4e0830d9-7413-4b1e-83ba-e7d830b0a219:1556,4:4e0830d9-7413-4b1e-83ba-e7d830b0a219:1415,ASSOCIATED_WITH
4:4e0830d9-7413-4b1e-83ba-e7d830b0a219:1556,4:4e0830d9-7413-4b1e-83ba-e7d830b0a219:1416,ASSOCIATED_WITH
4:4e0830d9-7413-4b1e-83ba-e7d830b0a219:1557,4:4e0830d9-7413-4b1e-83ba-e7d830b0a219:1413,ASSOCIATED_WITH
4:4e0830d9-7413-4b1e-83ba-e7d830b0a219:1557,4:4e0830d9-7413-4b1e-83ba-e7d830b0a219:1414,ASSOCIATED_WITH
4:4e0830d9-7413-4b1e-83ba-e7d830b0a219:1557,4:4e0830d9-7413-4b1e-83ba-e7d830b0a219:1415,ASSOCIATED_WITH
4:4e0830d9-7413-4b1e-83ba-e7d830b0a219:1557,4:4e0830d9-7413-4b1e-83ba-e7d830b0a219:1416,ASSOCIATED_WITH
4:4e0830d9-7413-4b1e-83ba-e7d830b0a219:1558,4:4e0830d9-7413-4b1e-83ba-e7d830b0a219:1413,ASSOCIATED_WITH
4:4e0830d9-7413-4b1e-83ba-e7d830b0a219:1558,4:4e0830d9-7413-4b1e-83ba-e7d830b0a219:1419,ASSOCIATED_WITH
4:4e0830d9-7413-4b1e-83ba-e7d830b0a219:1558,4:4e0830d9-7413-4b1e-83ba-e7d830b0a219:1420,ASSOCIATED_WITH
4:4e0830d9-7413-4b1e-83ba-e7d830b0a219:1558,4:4e0830d9-7413-4b1e-83ba-e7d830b0a219:1451,ASSOCIATED_WITH
4:4e0830d9-7413-4b1e-83ba-e7d830b0a219:1558,4:4e0830d9-7413-4b1e-83ba-e7d830b0a219:1454,ASSOCIATED_WITH
4:4e0830d9-7413-4b1e-83ba-e7d830b0a219:1558,4:4e0830d9-7413-4b1e-83ba-e7d830b0a219:1461,ASSOCIATED_WITH
4:4e0830d9-7413-4b1e-83ba-e7d830b0a219:1559,4:4e0830d9-7413-4b1e-83ba-e7d830b0a219:1423,ASSOCIATED_WITH
4:4e0830d9-7413-4b1e-83ba-e7d830b0a219:1560,4:4e0830d9-7413-4b1e-83ba-e7d830b0a219:1423,ASSOCIATED_WITH
4:4e0830d9-7413-4b1e-83ba-e7d830b0a219:1561,4:4e0830d9-7413-4b1e-83ba-e7d830b0a219:1426,ASSOCIATED_WITH
4:4e0830d9-7413-4b1e-83ba-e7d830b0a219:1562,4:4e0830d9-7413-4b1e-83ba-e7d830b0a219:1426,ASSOCIATED_WITH
4:4e0830d9-7413-4b1e-83ba-e7d830b0a219:1563,4:4e0830d9-7413-4b1e-83ba-e7d830b0a219:1426,ASSOCIATED_WITH
4:4e0830d9-7413-4b1e-83ba-e7d830b0a219:1564,4:4e0830d9-7413-4b1e-83ba-e7d830b0a219:1407,ASSOCIATED_WITH
4:4e0830d9-7413-4b1e-83ba-e7d830b0a219:1564,4:4e0830d9-7413-4b1e-83ba-e7d830b0a219:1426,ASSOCIATED_WITH
4:4e0830d9-7413-4b1e-83ba-e7d830b0a219:1572,4:4e0830d9-7413-4b1e-83ba-e7d830b0a219:1428,ASSOCIATED_WITH
4:4e0830d9-7413-4b1e-83ba-e7d830b0a219:1573,4:4e0830d9-7413-4b1e-83ba-e7d830b0a219:1428,ASSOCIATED_WITH
4:4e0830d9-7413-4b1e-83ba-e7d830b0a219:1574,4:4e0830d9-7413-4b1e-83ba-e7d830b0a219:1428,ASSOCIATED_WITH
4:4e0830d9-7413-4b1e-83ba-e7d830b0a219:1575,4:4e0830d9-7413-4b1e-83ba-e7d830b0a219:1404,ASSOCIATED_WITH
4:4e0830d9-7413-4b1e-83ba-e7d830b0a219:1575,4:4e0830d9-7413-4b1e-83ba-e7d830b0a219:1407,ASSOCIATED_WITH
4:4e0830d9-7413-4b1e-83ba-e7d830b0a219:1575,4:4e0830d9-7413-4b1e-83ba-e7d830b0a219:1428,ASSOCIATED_WITH
4:4e0830d9-7413-4b1e-83ba-e7d830b0a219:1575,4:4e0830d9-7413-4b1e-83ba-e7d830b0a219:1436,ASSOCIATED_WITH
4:4e0830d9-7413-4b1e-83ba-e7d830b0a219:1576,4:4e0830d9-7413-4b1e-83ba-e7d830b0a219:1407,ASSOCIATED_WITH
4:4e0830d9-7413-4b1e-83ba-e7d830b0a219:1576,4:4e0830d9-7413-4b1e-83ba-e7d830b0a219:1428,ASSOCIATED_WITH
4:4e0830d9-7413-4b1e-83ba-e7d830b0a219:1576,4:4e0830d9-7413-4b1e-83ba-e7d830b0a219:1436,ASSOCIATED_WITH
4:4e0830d9-7413-4b1e-83ba-e7d830b0a219:1576,4:4e0830d9-7413-4b1e-83ba-e7d830b0a219:1451,ASSOCIATED_WITH
4:4e0830d9-7413-4b1e-83ba-e7d830b0a219:1576,4:4e0830d9-7413-4b1e-83ba-e7d830b0a219:1473,ASSOCIATED_WITH
4:4e0830d9-7413-4b1e-83ba-e7d830b0a219:1577,4:4e0830d9-7413-4b1e-83ba-e7d830b0a219:1428,ASSOCIATED_WITH
4:4e0830d9-7413-4b1e-83ba-e7d830b0a219:1578,4:4e0830d9-7413-4b1e-83ba-e7d830b0a219:1428,ASSOCIATED_WITH
4:4e0830d9-7413-4b1e-83ba-e7d830b0a219:1579,4:4e0830d9-7413-4b1e-83ba-e7d830b0a219:1407,ASSOCIATED_WITH
4:4e0830d9-7413-4b1e-83ba-e7d830b0a219:1579,4:4e0830d9-7413-4b1e-83ba-e7d830b0a219:1413,ASSOCIATED_WITH
4:4e0830d9-7413-4b1e-83ba-e7d830b0a219:1579,4:4e0830d9-7413-4b1e-83ba-e7d830b0a219:1428,ASSOCIATED_WITH
4:4e0830d9-7413-4b1e-83ba-e7d830b0a219:1579,4:4e0830d9-7413-4b1e-83ba-e7d830b0a219:1451,ASSOCIATED_WITH
4:4e0830d9-7413-4b1e-83ba-e7d830b0a219:1579,4:4e0830d9-7413-4b1e-83ba-e7d830b0a219:1461,ASSOCIATED_WITH
4:4e0830d9-7413-4b1e-83ba-e7d830b0a219:1579,4:4e0830d9-7413-4b1e-83ba-e7d830b0a219:1466,ASSOCIATED_WITH
4:4e0830d9-7413-4b1e-83ba-e7d830b0a219:1579,4:4e0830d9-7413-4b1e-83ba-e7d830b0a219:1473,ASSOCIATED_WITH
4:4e0830d9-7413-4b1e-83ba-e7d830b0a219:1579,4:4e0830d9-7413-4b1e-83ba-e7d830b0a219:1477,ASSOCIATED_WITH
4:4e0830d9-7413-4b1e-83ba-e7d830b0a219:1579,4:4e0830d9-7413-4b1e-83ba-e7d830b0a219:1489,ASSOCIATED_WITH
4:4e0830d9-7413-4b1e-83ba-e7d830b0a219:1579,4:4e0830d9-7413-4b1e-83ba-e7d830b0a219:1505,ASSOCIATED_WITH
4:4e0830d9-7413-4b1e-83ba-e7d830b0a219:1579,4:4e0830d9-7413-4b1e-83ba-e7d830b0a219:1506,ASSOCIATED_WITH
4:4e0830d9-7413-4b1e-83ba-e7d830b0a219:1579,4:4e0830d9-7413-4b1e-83ba-e7d830b0a219:1509,ASSOCIATED_WITH
4:4e0830d9-7413-4b1e-83ba-e7d830b0a219:1580,4:4e0830d9-7413-4b1e-83ba-e7d830b0a219:1428,ASSOCIATED_WITH
4:4e0830d9-7413-4b1e-83ba-e7d830b0a219:1581,4:4e0830d9-7413-4b1e-83ba-e7d830b0a219:1407,ASSOCIATED_WITH
4:4e0830d9-7413-4b1e-83ba-e7d830b0a219:1581,4:4e0830d9-7413-4b1e-83ba-e7d830b0a219:1413,ASSOCIATED_WITH
4:4e0830d9-7413-4b1e-83ba-e7d830b0a219:1581,4:4e0830d9-7413-4b1e-83ba-e7d830b0a219:1428,ASSOCIATED_WITH
4:4e0830d9-7413-4b1e-83ba-e7d830b0a219:1581,4:4e0830d9-7413-4b1e-83ba-e7d830b0a219:1436,ASSOCIATED_WITH
4:4e0830d9-7413-4b1e-83ba-e7d830b0a219:1581,4:4e0830d9-7413-4b1e-83ba-e7d830b0a219:1466,ASSOCIATED_WITH
4:4e0830d9-7413-4b1e-83ba-e7d830b0a219:1581,4:4e0830d9-7413-4b1e-83ba-e7d830b0a219:1513,ASSOCIATED_WITH
4:4e0830d9-7413-4b1e-83ba-e7d830b0a219:1582,4:4e0830d9-7413-4b1e-83ba-e7d830b0a219:1428,ASSOCIATED_WITH
4:4e0830d9-7413-4b1e-83ba-e7d830b0a219:1583,4:4e0830d9-7413-4b1e-83ba-e7d830b0a219:1428,ASSOCIATED_WITH
4:4e0830d9-7413-4b1e-83ba-e7d830b0a219:1584,4:4e0830d9-7413-4b1e-83ba-e7d830b0a219:1428,ASSOCIATED_WITH
4:4e0830d9-7413-4b1e-83ba-e7d830b0a219:1586,4:4e0830d9-7413-4b1e-83ba-e7d830b0a219:1404,ASSOCIATED_WITH
4:4e0830d9-7413-4b1e-83ba-e7d830b0a219:1587,4:4e0830d9-7413-4b1e-83ba-e7d830b0a219:1404,ASSOCIATED_WITH
4:4e0830d9-7413-4b1e-83ba-e7d830b0a219:1588,4:4e0830d9-7413-4b1e-83ba-e7d830b0a219:1404,ASSOCIATED_WITH
4:4e0830d9-7413-4b1e-83ba-e7d830b0a219:1589,4:4e0830d9-7413-4b1e-83ba-e7d830b0a219:1404,ASSOCIATED_WITH
4:4e0830d9-7413-4b1e-83ba-e7d830b0a219:1589,4:4e0830d9-7413-4b1e-83ba-e7d830b0a219:1451,ASSOCIATED_WITH
4:4e0830d9-7413-4b1e-83ba-e7d830b0a219:1589,4:4e0830d9-7413-4b1e-83ba-e7d830b0a219:1473,ASSOCIATED_WITH
4:4e0830d9-7413-4b1e-83ba-e7d830b0a219:1590,4:4e0830d9-7413-4b1e-83ba-e7d830b0a219:1404,ASSOCIATED_WITH
4:4e0830d9-7413-4b1e-83ba-e7d830b0a219:1591,4:4e0830d9-7413-4b1e-83ba-e7d830b0a219:1404,ASSOCIATED_WITH
4:4e0830d9-7413-4b1e-83ba-e7d830b0a219:1592,4:4e0830d9-7413-4b1e-83ba-e7d830b0a219:1404,ASSOCIATED_WITH
4:4e0830d9-7413-4b1e-83ba-e7d830b0a219:1593,4:4e0830d9-7413-4b1e-83ba-e7d830b0a219:1407,ASSOCIATED_WITH
4:4e0830d9-7413-4b1e-83ba-e7d830b0a219:1593,4:4e0830d9-7413-4b1e-83ba-e7d830b0a219:1413,ASSOCIATED_WITH
4:4e0830d9-7413-4b1e-83ba-e7d830b0a219:1593,4:4e0830d9-7413-4b1e-83ba-e7d830b0a219:1461,ASSOCIATED_WITH
4:4e0830d9-7413-4b1e-83ba-e7d830b0a219:1593,4:4e0830d9-7413-4b1e-83ba-e7d830b0a219:1477,ASSOCIATED_WITH
4:4e0830d9-7413-4b1e-83ba-e7d830b0a219:1594,4:4e0830d9-7413-4b1e-83ba-e7d830b0a219:1407,ASSOCIATED_WITH
4:4e0830d9-7413-4b1e-83ba-e7d830b0a219:1594,4:4e0830d9-7413-4b1e-83ba-e7d830b0a219:1413,ASSOCIATED_WITH
4:4e0830d9-7413-4b1e-83ba-e7d830b0a219:1594,4:4e0830d9-7413-4b1e-83ba-e7d830b0a219:1436,ASSOCIATED_WITH
4:4e0830d9-7413-4b1e-83ba-e7d830b0a219:1594,4:4e0830d9-7413-4b1e-83ba-e7d830b0a219:1438,ASSOCIATED_WITH
4:4e0830d9-7413-4b1e-83ba-e7d830b0a219:1594,4:4e0830d9-7413-4b1e-83ba-e7d830b0a219:1473,ASSOCIATED_WITH
4:4e0830d9-7413-4b1e-83ba-e7d830b0a219:1595,4:4e0830d9-7413-4b1e-83ba-e7d830b0a219:1407,ASSOCIATED_WITH
4:4e0830d9-7413-4b1e-83ba-e7d830b0a219:1596,4:4e0830d9-7413-4b1e-83ba-e7d830b0a219:1407,ASSOCIATED_WITH
4:4e0830d9-7413-4b1e-83ba-e7d830b0a219:1597,4:4e0830d9-7413-4b1e-83ba-e7d830b0a219:1407,ASSOCIATED_WITH
4:4e0830d9-7413-4b1e-83ba-e7d830b0a219:1598,4:4e0830d9-7413-4b1e-83ba-e7d830b0a219:1407,ASSOCIATED_WITH
4:4e0830d9-7413-4b1e-83ba-e7d830b0a219:1600,4:4e0830d9-7413-4b1e-83ba-e7d830b0a219:1407,ASSOCIATED_WITH
4:4e0830d9-7413-4b1e-83ba-e7d830b0a219:1600,4:4e0830d9-7413-4b1e-83ba-e7d830b0a219:1436,ASSOCIATED_WITH
4:4e0830d9-7413-4b1e-83ba-e7d830b0a219:1600,4:4e0830d9-7413-4b1e-83ba-e7d830b0a219:1451,ASSOCIATED_WITH
4:4e0830d9-7413-4b1e-83ba-e7d830b0a219:1600,4:4e0830d9-7413-4b1e-83ba-e7d830b0a219:1473,ASSOCIATED_WITH
4:4e0830d9-7413-4b1e-83ba-e7d830b0a219:1601,4:4e0830d9-7413-4b1e-83ba-e7d830b0a219:1407,ASSOCIATED_WITH
4:4e0830d9-7413-4b1e-83ba-e7d830b0a219:1601,4:4e0830d9-7413-4b1e-83ba-e7d830b0a219:1436,ASSOCIATED_WITH
4:4e0830d9-7413-4b1e-83ba-e7d830b0a219:1602,4:4e0830d9-7413-4b1e-83ba-e7d830b0a219:1407,ASSOCIATED_WITH
4:4e0830d9-7413-4b1e-83ba-e7d830b0a219:1602,4:4e0830d9-7413-4b1e-83ba-e7d830b0a219:1436,ASSOCIATED_WITH
4:4e0830d9-7413-4b1e-83ba-e7d830b0a219:1602,4:4e0830d9-7413-4b1e-83ba-e7d830b0a219:1473,ASSOCIATED_WITH
4:4e0830d9-7413-4b1e-83ba-e7d830b0a219:1603,4:4e0830d9-7413-4b1e-83ba-e7d830b0a219:1407,ASSOCIATED_WITH
4:4e0830d9-7413-4b1e-83ba-e7d830b0a219:1603,4:4e0830d9-7413-4b1e-83ba-e7d830b0a219:1436,ASSOCIATED_WITH
4:4e0830d9-7413-4b1e-83ba-e7d830b0a219:1604,4:4e0830d9-7413-4b1e-83ba-e7d830b0a219:1451,ASSOCIATED_WITH
4:4e0830d9-7413-4b1e-83ba-e7d830b0a219:1604,4:4e0830d9-7413-4b1e-83ba-e7d830b0a219:1473,ASSOCIATED_WITH
4:4e0830d9-7413-4b1e-83ba-e7d830b0a219:1605,4:4e0830d9-7413-4b1e-83ba-e7d830b0a219:1451,ASSOCIATED_WITH
4:4e0830d9-7413-4b1e-83ba-e7d830b0a219:1605,4:4e0830d9-7413-4b1e-83ba-e7d830b0a219:1473,ASSOCIATED_WITH
4:4e0830d9-7413-4b1e-83ba-e7d830b0a219:1606,4:4e0830d9-7413-4b1e-83ba-e7d830b0a219:1451,ASSOCIATED_WITH
4:4e0830d9-7413-4b1e-83ba-e7d830b0a219:1606,4:4e0830d9-7413-4b1e-83ba-e7d830b0a219:1473,ASSOCIATED_WITH
4:4e0830d9-7413-4b1e-83ba-e7d830b0a219:1607,4:4e0830d9-7413-4b1e-83ba-e7d830b0a219:1428,ASSOCIATED_WITH
4:4e0830d9-7413-4b1e-83ba-e7d830b0a219:1607,4:4e0830d9-7413-4b1e-83ba-e7d830b0a219:1451,ASSOCIATED_WITH
4:4e0830d9-7413-4b1e-83ba-e7d830b0a219:1607,4:4e0830d9-7413-4b1e-83ba-e7d830b0a219:1473,ASSOCIATED_WITH
4:4e0830d9-7413-4b1e-83ba-e7d830b0a219:1611,4:4e0830d9-7413-4b1e-83ba-e7d830b0a219:1413,ASSOCIATED_WITH
4:4e0830d9-7413-4b1e-83ba-e7d830b0a219:1612,4:4e0830d9-7413-4b1e-83ba-e7d830b0a219:1413,ASSOCIATED_WITH
4:4e0830d9-7413-4b1e-83ba-e7d830b0a219:1613,4:4e0830d9-7413-4b1e-83ba-e7d830b0a219:1413,ASSOCIATED_WITH
4:4e0830d9-7413-4b1e-83ba-e7d830b0a219:1617,4:4e0830d9-7413-4b1e-83ba-e7d830b0a219:1413,ASSOCIATED_WITH
4:4e0830d9-7413-4b1e-83ba-e7d830b0a219:1617,4:4e0830d9-7413-4b1e-83ba-e7d830b0a219:1461,ASSOCIATED_WITH
4:4e0830d9-7413-4b1e-83ba-e7d830b0a219:1618,4:4e0830d9-7413-4b1e-83ba-e7d830b0a219:1413,ASSOCIATED_WITH
4:4e0830d9-7413-4b1e-83ba-e7d830b0a219:1618,4:4e0830d9-7413-4b1e-83ba-e7d830b0a219:1461,ASSOCIATED_WITH
4:4e0830d9-7413-4b1e-83ba-e7d830b0a219:1619,4:4e0830d9-7413-4b1e-83ba-e7d830b0a219:1413,ASSOCIATED_WITH
4:4e0830d9-7413-4b1e-83ba-e7d830b0a219:1619,4:4e0830d9-7413-4b1e-83ba-e7d830b0a219:1461,ASSOCIATED_WITH
4:4e0830d9-7413-4b1e-83ba-e7d830b0a219:1620,4:4e0830d9-7413-4b1e-83ba-e7d830b0a219:1413,ASSOCIATED_WITH
4:4e0830d9-7413-4b1e-83ba-e7d830b0a219:1620,4:4e0830d9-7413-4b1e-83ba-e7d830b0a219:1461,ASSOCIATED_WITH
4:4e0830d9-7413-4b1e-83ba-e7d830b0a219:1620,4:4e0830d9-7413-4b1e-83ba-e7d830b0a219:1473,ASSOCIATED_WITH
4:4e0830d9-7413-4b1e-83ba-e7d830b0a219:1621,4:4e0830d9-7413-4b1e-83ba-e7d830b0a219:1413,ASSOCIATED_WITH
4:4e0830d9-7413-4b1e-83ba-e7d830b0a219:1621,4:4e0830d9-7413-4b1e-83ba-e7d830b0a219:1461,ASSOCIATED_WITH
4:4e0830d9-7413-4b1e-83ba-e7d830b0a219:1622,4:4e0830d9-7413-4b1e-83ba-e7d830b0a219:1413,ASSOCIATED_WITH
4:4e0830d9-7413-4b1e-83ba-e7d830b0a219:1622,4:4e0830d9-7413-4b1e-83ba-e7d830b0a219:1461,ASSOCIATED_WITH
4:4e0830d9-7413-4b1e-83ba-e7d830b0a219:1623,4:4e0830d9-7413-4b1e-83ba-e7d830b0a219:1413,ASSOCIATED_WITH
4:4e0830d9-7413-4b1e-83ba-e7d830b0a219:1623,4:4e0830d9-7413-4b1e-83ba-e7d830b0a219:1461,ASSOCIATED_WITH
4:4e0830d9-7413-4b1e-83ba-e7d830b0a219:1623,4:4e0830d9-7413-4b1e-83ba-e7d830b0a219:1477,ASSOCIATED_WITH
4:4e0830d9-7413-4b1e-83ba-e7d830b0a219:1624,4:4e0830d9-7413-4b1e-83ba-e7d830b0a219:1413,ASSOCIATED_WITH
4:4e0830d9-7413-4b1e-83ba-e7d830b0a219:1624,4:4e0830d9-7413-4b1e-83ba-e7d830b0a219:1461,ASSOCIATED_WITH
4:4e0830d9-7413-4b1e-83ba-e7d830b0a219:1624,4:4e0830d9-7413-4b1e-83ba-e7d830b0a219:1473,ASSOCIATED_WITH
4:4e0830d9-7413-4b1e-83ba-e7d830b0a219:1625,4:4e0830d9-7413-4b1e-83ba-e7d830b0a219:1413,ASSOCIATED_WITH
4:4e0830d9-7413-4b1e-83ba-e7d830b0a219:1626,4:4e0830d9-7413-4b1e-83ba-e7d830b0a219:1413,ASSOCIATED_WITH
4:4e0830d9-7413-4b1e-83ba-e7d830b0a219:1627,4:4e0830d9-7413-4b1e-83ba-e7d830b0a219:1413,ASSOCIATED_WITH
4:4e0830d9-7413-4b1e-83ba-e7d830b0a219:1628,4:4e0830d9-7413-4b1e-83ba-e7d830b0a219:1466,ASSOCIATED_WITH
4:4e0830d9-7413-4b1e-83ba-e7d830b0a219:1632,4:4e0830d9-7413-4b1e-83ba-e7d830b0a219:1413,ASSOCIATED_WITH
4:4e0830d9-7413-4b1e-83ba-e7d830b0a219:1633,4:4e0830d9-7413-4b1e-83ba-e7d830b0a219:1471,ASSOCIATED_WITH
4:4e0830d9-7413-4b1e-83ba-e7d830b0a219:1634,4:4e0830d9-7413-4b1e-83ba-e7d830b0a219:1473,ASSOCIATED_WITH
4:4e0830d9-7413-4b1e-83ba-e7d830b0a219:1634,4:4e0830d9-7413-4b1e-83ba-e7d830b0a219:1477,ASSOCIATED_WITH
4:4e0830d9-7413-4b1e-83ba-e7d830b0a219:1634,4:4e0830d9-7413-4b1e-83ba-e7d830b0a219:1501,ASSOCIATED_WITH
4:4e0830d9-7413-4b1e-83ba-e7d830b0a219:1634,4:4e0830d9-7413-4b1e-83ba-e7d830b0a219:1509,ASSOCIATED_WITH
4:4e0830d9-7413-4b1e-83ba-e7d830b0a219:1634,4:4e0830d9-7413-4b1e-83ba-e7d830b0a219:1518,ASSOCIATED_WITH
4:4e0830d9-7413-4b1e-83ba-e7d830b0a219:1635,4:4e0830d9-7413-4b1e-83ba-e7d830b0a219:1473,ASSOCIATED_WITH
4:4e0830d9-7413-4b1e-83ba-e7d830b0a219:1636,4:4e0830d9-7413-4b1e-83ba-e7d830b0a219:1473,ASSOCIATED_WITH
4:4e0830d9-7413-4b1e-83ba-e7d830b0a219:1637,4:4e0830d9-7413-4b1e-83ba-e7d830b0a219:1473,ASSOCIATED_WITH
4:4e0830d9-7413-4b1e-83ba-e7d830b0a219:1638,4:4e0830d9-7413-4b1e-83ba-e7d830b0a219:1473,ASSOCIATED_WITH
4:4e0830d9-7413-4b1e-83ba-e7d830b0a219:1639,4:4e0830d9-7413-4b1e-83ba-e7d830b0a219:1473,ASSOCIATED_WITH
4:4e0830d9-7413-4b1e-83ba-e7d830b0a219:1640,4:4e0830d9-7413-4b1e-83ba-e7d830b0a219:1473,ASSOCIATED_WITH
4:4e0830d9-7413-4b1e-83ba-e7d830b0a219:1641,4:4e0830d9-7413-4b1e-83ba-e7d830b0a219:1473,ASSOCIATED_WITH
4:4e0830d9-7413-4b1e-83ba-e7d830b0a219:1642,4:4e0830d9-7413-4b1e-83ba-e7d830b0a219:1473,ASSOCIATED_WITH
4:4e0830d9-7413-4b1e-83ba-e7d830b0a219:1643,4:4e0830d9-7413-4b1e-83ba-e7d830b0a219:1473,ASSOCIATED_WITH
4:4e0830d9-7413-4b1e-83ba-e7d830b0a219:1644,4:4e0830d9-7413-4b1e-83ba-e7d830b0a219:1473,ASSOCIATED_WITH
4:4e0830d9-7413-4b1e-83ba-e7d830b0a219:1645,4:4e0830d9-7413-4b1e-83ba-e7d830b0a219:1473,ASSOCIATED_WITH
4:4e0830d9-7413-4b1e-83ba-e7d830b0a219:1646,4:4e0830d9-7413-4b1e-83ba-e7d830b0a219:1473,ASSOCIATED_WITH
4:4e0830d9-7413-4b1e-83ba-e7d830b0a219:1647,4:4e0830d9-7413-4b1e-83ba-e7d830b0a219:1473,ASSOCIATED_WITH
4:4e0830d9-7413-4b1e-83ba-e7d830b0a219:1648,4:4e0830d9-7413-4b1e-83ba-e7d830b0a219:1473,ASSOCIATED_WITH
4:4e0830d9-7413-4b1e-83ba-e7d830b0a219:1649,4:4e0830d9-7413-4b1e-83ba-e7d830b0a219:1473,ASSOCIATED_WITH
4:4e0830d9-7413-4b1e-83ba-e7d830b0a219:1650,4:4e0830d9-7413-4b1e-83ba-e7d830b0a219:1473,ASSOCIATED_WITH
4:4e0830d9-7413-4b1e-83ba-e7d830b0a219:1650,4:4e0830d9-7413-4b1e-83ba-e7d830b0a219:1477,ASSOCIATED_WITH
4:4e0830d9-7413-4b1e-83ba-e7d830b0a219:1651,4:4e0830d9-7413-4b1e-83ba-e7d830b0a219:1473,ASSOCIATED_WITH
4:4e0830d9-7413-4b1e-83ba-e7d830b0a219:1652,4:4e0830d9-7413-4b1e-83ba-e7d830b0a219:1473,ASSOCIATED_WITH
4:4e0830d9-7413-4b1e-83ba-e7d830b0a219:1653,4:4e0830d9-7413-4b1e-83ba-e7d830b0a219:1420,ASSOCIATED_WITH
4:4e0830d9-7413-4b1e-83ba-e7d830b0a219:1653,4:4e0830d9-7413-4b1e-83ba-e7d830b0a219:1473,ASSOCIATED_WITH
4:4e0830d9-7413-4b1e-83ba-e7d830b0a219:1653,4:4e0830d9-7413-4b1e-83ba-e7d830b0a219:1509,ASSOCIATED_WITH
4:4e0830d9-7413-4b1e-83ba-e7d830b0a219:1653,4:4e0830d9-7413-4b1e-83ba-e7d830b0a219:1521,ASSOCIATED_WITH
4:4e0830d9-7413-4b1e-83ba-e7d830b0a219:1653,4:4e0830d9-7413-4b1e-83ba-e7d830b0a219:1523,ASSOCIATED_WITH
4:4e0830d9-7413-4b1e-83ba-e7d830b0a219:1653,4:4e0830d9-7413-4b1e-83ba-e7d830b0a219:1524,ASSOCIATED_WITH
4:4e0830d9-7413-4b1e-83ba-e7d830b0a219:1654,4:4e0830d9-7413-4b1e-83ba-e7d830b0a219:1473,ASSOCIATED_WITH
4:4e0830d9-7413-4b1e-83ba-e7d830b0a219:1655,4:4e0830d9-7413-4b1e-83ba-e7d830b0a219:1473,ASSOCIATED_WITH
4:4e0830d9-7413-4b1e-83ba-e7d830b0a219:1656,4:4e0830d9-7413-4b1e-83ba-e7d830b0a219:1473,ASSOCIATED_WITH
4:4e0830d9-7413-4b1e-83ba-e7d830b0a219:1656,4:4e0830d9-7413-4b1e-83ba-e7d830b0a219:1475,ASSOCIATED_WITH
4:4e0830d9-7413-4b1e-83ba-e7d830b0a219:1657,4:4e0830d9-7413-4b1e-83ba-e7d830b0a219:1428,ASSOCIATED_WITH
4:4e0830d9-7413-4b1e-83ba-e7d830b0a219:1657,4:4e0830d9-7413-4b1e-83ba-e7d830b0a219:1473,ASSOCIATED_WITH
4:4e0830d9-7413-4b1e-83ba-e7d830b0a219:1658,4:4e0830d9-7413-4b1e-83ba-e7d830b0a219:1473,ASSOCIATED_WITH
4:4e0830d9-7413-4b1e-83ba-e7d830b0a219:1659,4:4e0830d9-7413-4b1e-83ba-e7d830b0a219:1473,ASSOCIATED_WITH
4:4e0830d9-7413-4b1e-83ba-e7d830b0a219:1660,4:4e0830d9-7413-4b1e-83ba-e7d830b0a219:1473,ASSOCIATED_WITH
4:4e0830d9-7413-4b1e-83ba-e7d830b0a219:1661,4:4e0830d9-7413-4b1e-83ba-e7d830b0a219:1477,ASSOCIATED_WITH
4:4e0830d9-7413-4b1e-83ba-e7d830b0a219:1662,4:4e0830d9-7413-4b1e-83ba-e7d830b0a219:1477,ASSOCIATED_WITH
4:4e0830d9-7413-4b1e-83ba-e7d830b0a219:1663,4:4e0830d9-7413-4b1e-83ba-e7d830b0a219:1477,ASSOCIATED_WITH
4:4e0830d9-7413-4b1e-83ba-e7d830b0a219:1664,4:4e0830d9-7413-4b1e-83ba-e7d830b0a219:1477,ASSOCIATED_WITH
4:4e0830d9-7413-4b1e-83ba-e7d830b0a219:1665,4:4e0830d9-7413-4b1e-83ba-e7d830b0a219:1477,ASSOCIATED_WITH
4:4e0830d9-7413-4b1e-83ba-e7d830b0a219:1666,4:4e0830d9-7413-4b1e-83ba-e7d830b0a219:1471,ASSOCIATED_WITH
4:4e0830d9-7413-4b1e-83ba-e7d830b0a219:1667,4:4e0830d9-7413-4b1e-83ba-e7d830b0a219:1486,ASSOCIATED_WITH
4:4e0830d9-7413-4b1e-83ba-e7d830b0a219:1677,4:4e0830d9-7413-4b1e-83ba-e7d830b0a219:1413,ASSOCIATED_WITH
4:4e0830d9-7413-4b1e-83ba-e7d830b0a219:1678,4:4e0830d9-7413-4b1e-83ba-e7d830b0a219:1413,ASSOCIATED_WITH
4:4e0830d9-7413-4b1e-83ba-e7d830b0a219:1679,4:4e0830d9-7413-4b1e-83ba-e7d830b0a219:1413,ASSOCIATED_WITH
4:4e0830d9-7413-4b1e-83ba-e7d830b0a219:1680,4:4e0830d9-7413-4b1e-83ba-e7d830b0a219:1413,ASSOCIATED_WITH
4:4e0830d9-7413-4b1e-83ba-e7d830b0a219:1680,4:4e0830d9-7413-4b1e-83ba-e7d830b0a219:1495,ASSOCIATED_WITH
4:4e0830d9-7413-4b1e-83ba-e7d830b0a219:1681,4:4e0830d9-7413-4b1e-83ba-e7d830b0a219:1413,ASSOCIATED_WITH
4:4e0830d9-7413-4b1e-83ba-e7d830b0a219:1681,4:4e0830d9-7413-4b1e-83ba-e7d830b0a219:1495,ASSOCIATED_WITH
4:4e0830d9-7413-4b1e-83ba-e7d830b0a219:1682,4:4e0830d9-7413-4b1e-83ba-e7d830b0a219:1413,ASSOCIATED_WITH
4:4e0830d9-7413-4b1e-83ba-e7d830b0a219:1682,4:4e0830d9-7413-4b1e-83ba-e7d830b0a219:1495,ASSOCIATED_WITH
4:4e0830d9-7413-4b1e-83ba-e7d830b0a219:1683,4:4e0830d9-7413-4b1e-83ba-e7d830b0a219:1413,ASSOCIATED_WITH
4:4e0830d9-7413-4b1e-83ba-e7d830b0a219:1683,4:4e0830d9-7413-4b1e-83ba-e7d830b0a219:1495,ASSOCIATED_WITH
4:4e0830d9-7413-4b1e-83ba-e7d830b0a219:1688,4:4e0830d9-7413-4b1e-83ba-e7d830b0a219:1509,ASSOCIATED_WITH
4:4e0830d9-7413-4b1e-83ba-e7d830b0a219:1689,4:4e0830d9-7413-4b1e-83ba-e7d830b0a219:1509,ASSOCIATED_WITH
4:4e0830d9-7413-4b1e-83ba-e7d830b0a219:1690,4:4e0830d9-7413-4b1e-83ba-e7d830b0a219:1413,ASSOCIATED_WITH
4:4e0830d9-7413-4b1e-83ba-e7d830b0a219:1690,4:4e0830d9-7413-4b1e-83ba-e7d830b0a219:1466,ASSOCIATED_WITH
4:4e0830d9-7413-4b1e-83ba-e7d830b0a219:1690,4:4e0830d9-7413-4b1e-83ba-e7d830b0a219:1513,ASSOCIATED_WITH
4:4e0830d9-7413-4b1e-83ba-e7d830b0a219:1691,4:4e0830d9-7413-4b1e-83ba-e7d830b0a219:1413,ASSOCIATED_WITH
4:4e0830d9-7413-4b1e-83ba-e7d830b0a219:1691,4:4e0830d9-7413-4b1e-83ba-e7d830b0a219:1466,ASSOCIATED_WITH
4:4e0830d9-7413-4b1e-83ba-e7d830b0a219:1691,4:4e0830d9-7413-4b1e-83ba-e7d830b0a219:1513,ASSOCIATED_WITH
4:4e0830d9-7413-4b1e-83ba-e7d830b0a219:1692,4:4e0830d9-7413-4b1e-83ba-e7d830b0a219:1413,ASSOCIATED_WITH
4:4e0830d9-7413-4b1e-83ba-e7d830b0a219:1692,4:4e0830d9-7413-4b1e-83ba-e7d830b0a219:1466,ASSOCIATED_WITH
4:4e0830d9-7413-4b1e-83ba-e7d830b0a219:1692,4:4e0830d9-7413-4b1e-83ba-e7d830b0a219:1513,ASSOCIATED_WITH
4:4e0830d9-7413-4b1e-83ba-e7d830b0a219:1693,4:4e0830d9-7413-4b1e-83ba-e7d830b0a219:1477,ASSOCIATED_WITH
4:4e0830d9-7413-4b1e-83ba-e7d830b0a219:1693,4:4e0830d9-7413-4b1e-83ba-e7d830b0a219:1501,ASSOCIATED_WITH
4:4e0830d9-7413-4b1e-83ba-e7d830b0a219:1693,4:4e0830d9-7413-4b1e-83ba-e7d830b0a219:1518,ASSOCIATED_WITH
4:4e0830d9-7413-4b1e-83ba-e7d830b0a219:1695,4:4e0830d9-7413-4b1e-83ba-e7d830b0a219:1505,ASSOCIATED_WITH
4:4e0830d9-7413-4b1e-83ba-e7d830b0a219:1695,4:4e0830d9-7413-4b1e-83ba-e7d830b0a219:1529,ASSOCIATED_WITH
4:4e0830d9-7413-4b1e-83ba-e7d830b0a219:1696,4:4e0830d9-7413-4b1e-83ba-e7d830b0a219:1505,ASSOCIATED_WITH
4:4e0830d9-7413-4b1e-83ba-e7d830b0a219:1696,4:4e0830d9-7413-4b1e-83ba-e7d830b0a219:1529,ASSOCIATED_WITH
